{"cameraMode":{"drawMode":0,"name":"Shaded","section":"Shading Mode"},"sceneLighting":true,"audioPlay":false,"sceneViewState":{"m_AlwaysRefresh":false,"showFog":true,"showSkybox":true,"showFlares":true,"showImageEffects":true,"showParticleSystems":true,"showVisualEffectGraphs":true,"m_FxEnabled":true},"in2DMode":false,"pivot":{"x":531.6162719726563,"y":184.93130493164063,"z":-525.1486206054688},"rotation":{"x":-0.03418445587158203,"y":-0.0021052714437246324,"z":-0.00006758027302566916,"w":0.9994297623634338},"size":0.23878292739391328,"orthographic":false}